accuracy,churn_precision,churn_recall,f1,time_needed
0.7934705464868701,0.6614785992217899,0.45454545454545453,0.5388272583201268,3.1859453750075772
0.7913413768630234,0.66,0.4411764705882353,0.5288461538461539,14.217517333003343
0.7906316536550745,0.6425992779783394,0.47593582887700536,0.5468509984639017,14.602130291998037
0.7855113636363636,0.5941644562334217,0.6005361930294906,0.5973333333333334,12.57967608400213
0.7705965909090909,0.6175115207373272,0.3582887700534759,0.45346869712351945,18.426302333013155
0.7934705464868701,0.6614785992217899,0.45454545454545453,0.5388272583201268,3.452042374992743
0.7934705464868701,0.6614785992217899,0.45454545454545453,0.5388272583201268,3.046332958008861
0.7913413768630234,0.66,0.4411764705882353,0.5288461538461539,14.282252457996947
0.7906316536550745,0.6425992779783394,0.47593582887700536,0.5468509984639017,16.281602999995812
0.7855113636363636,0.5941644562334217,0.6005361930294906,0.5973333333333334,11.635858833004022
0.7705965909090909,0.6175115207373272,0.3582887700534759,0.45346869712351945,17.709661667002365
0.7934705464868701,0.6614785992217899,0.45454545454545453,0.5388272583201268,3.352457917004358
0.7913413768630234,0.66,0.4411764705882353,0.5288461538461539,14.11752174999856
0.7906316536550745,0.6425992779783394,0.47593582887700536,0.5468509984639017,14.480791707988828
0.7855113636363636,0.5941644562334217,0.6005361930294906,0.5973333333333334,12.395483291998971
0.7705965909090909,0.6175115207373272,0.3582887700534759,0.45346869712351945,18.881956249999348
